<?xml version="1.0" encoding="UTF-8"?>
<widget xmlns:tizen="http://tizen.org/ns/widgets" xmlns="http://www.w3.org/ns/widgets" id="http://yourdomain/Wits" version="1.0.0" viewmodes="maximized">
    <access origin="*" subdomains="true"></access>
    <tizen:application id="UQFmc9jZyO.Wits" package="UQFmc9jZyO" required_version="2.3"/>
    <content src="index.html"/>
    <feature name="http://tizen.org/feature/screen.size.all"/>
    <icon src="icon.png"/>
    <name>Wits</name>
    <tizen:privilege name="http://tizen.org/privilege/filesystem.read"/>
    <tizen:privilege name="http://tizen.org/privilege/filesystem.write"/>
<PRIVILEGE_DATA>
    <tizen:profile name="tv-samsung"/>
</widget>
