{
    "layout": "layout-1",
    "logoImage": "",
    "contents" : [
        {
            "title": "2019 SDC Demo by WITs",
            "desc": "This Application for WITs Demo",
            "thumbnail": "./data/sample0.jpg",
            "bgImage": "./data/sample0.jpg",
            "src": "http://10.88.105.104/WebAPITest/Basic/4k.mp4"
        },
        {
            "title": "8K Streaming Streaming Streaming - Incorrect 2",
            "desc": "Streaming: HLS HLS HLS HLS HLS HLS, Max Resolution: 8K 2",
            "thumbnail": "./data/sample1.jpg",
            "bgImage": "./data/sample1.jpg",
            "src": "http://10.88.105.104/WebAPITest/Basic/4k.mp4"
        },
        {
            "title": "8K Streaming - Incorrect 3",
            "desc": "Streaming: HLS, Max Resolution: 8K 3",
            "thumbnail": "./data/sample2.jpg",
            "bgImage": "./data/sample2.jpg",
            "src": "http://10.88.105.104/WebAPITest/Basic/4k.mp4"
        },
        {
            "title": "8K Streaming - Incorrect 4",
            "desc": "Streaming: HLS, Max Resolution: 8K 4",
            "thumbnail": "./data/sample3.jpg",
            "bgImage": "./data/sample3.jpg",
            "src": "http://10.88.105.104/WebAPITest/Basic/4k.mp4"
        },
        {
            "title": "8K Streaming - Incorrect 5",
            "desc": "Streaming: HLS, Max Resolution: 8K 5",
            "thumbnail": "./data/sample4.jpg",
            "bgImage": "./data/sample4.jpg",
            "src": "http://10.88.105.104/WebAPITest/Basic/4k.mp4"
        },
        {
            "title": "8K Streaming - Incorrect 6",
            "desc": "Streaming: HLS, Max Resolution: 8K 6",
            "thumbnail": "./data/sample5.jpg",
            "bgImage": "./data/sample5.jpg",
            "src": "http://10.88.105.104/WebAPITest/Basic/4k.mp4"
        }
    ]
}